DIRECTORIO,Parentesco,Subsidio,Dinero_subsidio,SubsidioS
7121648,1,FAMILIAS EN ACCION,500000,1
7121729,1,AYUDA DEL MUNICIPIO PARA PERDONAS MIGRANTES,400000,1
7121845,1,FAMILIAS EN ACCION,360000,1
7121846,1,MODALIDAD ENTORNO FAMILIAR,270000,1
7121923,1,VICTIMAS DE LA VIOLENCIA,800000,1
7121947,1,SUBSIDIO FAMILIAR,360000,1
7122034,1,MEJORAMIENTO DE VIVIENDA,15000000,1
7122077,1,COLOMBIA MAYOR,600000,1
7122269,1,JOVENES EN ACCION,800000,1
7122357,1,TERCERA EDAD,720000,1
7122489,1,ADULTO MAYOR,960000,1
7122496,1,CRUZ ROJA,250000,1
7122686,1,AGENCIA PARA LA REINCORPORACION Y LA NORMALIZACION  ARN,8640000,1
7122810,1,AYUDA HUMANITARIA,1480000,1
7122831,1,JOVENES EN ACCION,400000,1
7122907,1,VICTIMA DE DESPLAZAMIENTO,3000000,1
7122907,1,VICTIMA DE DESPLAZAMIENTO,3000000,1
7122923,1,REPARACION INTEGRAL  ALAS VICTIMAS,2600000,1
7122951,1,AYUDA HUMANITARIA,300000,1
7123027,1,JOVENES EN ACCION,1200000,1
7123160,1,JOVENES EN ACCION,800000,1
7123161,1,FAMILIAS EN ACCION,90000,1
7123197,1,COMEDOR DEL ADULTO MAYOR,300000,1
7123220,1,AYUDA HUMANITARIA,360000,1
7123255,1,JOVENES EN ACCION,1600000,1
7123307,1,COLOMBIA MAYOR,720000,1
7123335,1,REPARACION DE VICTIMAS,492000,1
7123389,1,CAMA HOSPITALARIA,4000000,1
7123507,1,SUBSIDIO DE ARRENDAMIENTO AVENIDA TORRENCIAL DEL 31 DE MARZO 2017,3000000,1
7123509,1,MEJORAMIENTO DE VIVIENDA,5000000,1
7123648,1,PNIS,10000000,1
7123706,1,ADULTO MAYOR,900000,1
7123823,1,AYUDA HUMANITARIA,1200000,1
7123823,1,AYUDA HUMANITARIA,1200000,1
7123866,1,JOVENES EN ACCION,400000,1
7123953,1,VICTIMAS DE DESPLAZAMIENTO FORZADO,514000,1
7124158,1,CRUZ ROJA,600000,1
7124160,1,JOVENES EN ACCION,400000,1
7124163,1,ARRENDAMIENTO POR AVENIDA TORRENCIAL DEL 31 MARZO SE 2017,750000,1
7124272,1,ADULTO MAYOR,1080000,1
7124276,1,PILO PAGA 3,1700000,1
7124276,2,GENERACION E,1700000,1
7124291,1,SUBSIDIO DE DESEMPLEO,790000,1
7124558,1,AYUDA HUMANITARIA,380000,1
7124809,1,DESPLAZADA,600000,1
7124854,1,BLUMO,2000000,1
7124864,1,AYUDAS HUMANITARIAS,670000,1
7124870,1,JOVENES EN ACCION,2400000,1
7124891,1,ADULTO MAYOR,750000,1
7124957,1,JOVENES EN ACCION,2400000,1
7125244,1,AYUDA HUMANITARIA,540000,1
7125244,1,AYUDA HUMANITARIA,540000,1
7125275,1,RED VICTIMAS,2080000,1
7125358,1,JOVENES ES ACCION,400000,1
7125363,1,JOVENES EN ACCION,800000,1
7125600,1,MI NEGOCI,1700000,1
7125674,1,COMFENALCO,720000,1
7125760,1,SUBSIDIO DEL CESANTE,400000,1
7125826,1,JOVENES EN ACCION,1000000,1
7125959,1,EL SIPA,98,1
7126108,1,AYUDA HUMANITARIA,990000,1
7126108,1,AYUDA HUMANITARIA,990000,1
7126307,1,PENIS,2000000,1
7126322,1,UNIDAD DE VICTIMAS,300000,1
7126330,1,FAMILIAS EN ACCION,1200000,1
7126409,1,MERCADOS POR LA GOBERNACION,80000,1
7126413,1,MERCADO DE LA GOBERNACION,50000,1
7126449,1,ADULTO MAYOR,400000,1
7126569,1,FAMILIAS ACCION,300000,1
7126689,1,JOVENES EN ACCION,900000,1
7126690,1,AYUDA DE ABONOS  PARA LA PAPA,300000,1
7126703,1,DISCAPACITADOS,960000,1
7126736,1,MERCADO POR DISCAPACIDAD,450000,1
7126900,1,JOVENES EN ACCION,1200000,1
7127053,1,JOVENES EN ACCION,400000,1
7127095,1,JOVENES EN ACCION,600000,1
7127098,1,JOVENES EN ACCION,800000,1
7127116,1,AYUDA HUMANITARIA,400000,1
7127232,1,ADULTO MAYOR,1800000,1
7127342,1,UNIDAD DE VICTIMAS,98,1
7127345,1,NUTRICION,99,1
7127391,1,VICTIMAS AL DESPLAZAMIENTO FORZOSO,100000,1
7127398,1,AYUDA HUMANITARIA PARA VICTIMAS DEL DESPLAZAMIENTO FORZOSO,260000,1
7127419,1,JOVENES EN ACCION,1000000,1
7127950,1,SUBSIDIO MUNICIPAL DE ARRIENDO DE VIVIENDA POR REUBICACION,800000,1
7127965,1,CONFACESAR,348000,1
7128033,1,ALMUERZO COMEDOR ADULTO MAYOR,1000000,1
7128233,1,NO SABE,412000,1
7128264,1,ICBF PLAN CANGURO,480000,1
7128474,1,JOVENES EN ACCION,800000,1
7128478,1,JOVENES EN ACCION,1600000,1
7128482,1,JOVENES EN ACCION,800000,1
7128530,1,AYUDA HUMANITARIA,1600000,1
7128532,1,MEJORAMIENTO DE BATERIA SANITARIA,1200000,1
7128826,1,AYUDA HUMANITARIA,520000,1
7129008,1,JOVENES EN ACCION,400000,1
7129071,1,SUBSIDIO CRUZ ROJA,276000,1
7129075,1,CRUZ ROJA COLOMBIANA,99,1
7129088,1,JOVENES EN ACCION,27000,1
7129375,1,SUBSIDIO POR DESPLAZAMIENTO,800000,1
7129559,1,DESPLASADOS,550000,1
7129738,1,JOVENES EN ACCION,2400000,1
7129851,1,COMFAMILIAR,35000,1
7130332,1,PROGRAMA DE ALIMENTACION CRUZ ROJA,500000,1
7130461,1,UNIDADES PARA LAS VICTIMAS,98,1
7130480,1,FAMILIA EN ACCION,180000,1
7130595,1,AYUDA COMUNITRIA,200000,1
7130597,1,VICTIMAS,750000,1
7130696,1,VICTIMAS POR LA VIOLENCIA,800000,1
7130843,1,PNIS,6000000,1
7130926,1,MERCADOS POR LA GOBERNACION,50000,1
7131093,1,PROGRAMA CDI,480000,1
7131338,1,JOVENES EN ACCION,400000,1
7131594,1,SUBSIDIO DE TRANSPORTE,500000,1
7131607,1,HOGAR GESTOR,4200000,1
7131773,1,FAMILIAS EN ACCION,138000,1
7131814,1,PARA DESPLAZADOS,1200000,1
7131854,1,MECICOR,300000,1
7131854,1,MECICOR,300000,1
7132273,1,AYUDA HUMANITARIA,800000,1
7132275,1,PROSPERIDAD SOCIAL,500000,1
7132697,1,AYUDA HUMANITARIA,600000,1
7132788,1,UNIDAD DE VICTIMAS DESPLAZAMIENTO FORZADO,12600000,1
7132849,1,JOVENES EN ACCION,1200000,1
7133160,1,FAMILIAS EN ACCION,1080000,1
7133197,1,SUBSIDIO DE ARRENDAMIENTO,3000000,1
7133721,1,ATENCION A VICTIMAS,820000,1
7133951,1,ASOCIACION DE PAPEROS VILLAPINZON,600000,1
7133955,1,SUBSIDIO TRANSPORTE,480000,1
7134073,1,MERCADOS POR DISCAPACIDAD,500000,1
7134373,1,AYUDA HUMANITARIA,415000,1
7134403,1,SUSTITUCION DE CULTIVOS ILICITOS,8000000,1
7134692,1,AYUDA COMUNITARIA VICTIMAS,2000000,1
7135093,1,SUBSIDIO PARA UNIDAD DE VICTIMA,600000,1
7135160,1,COMPLEMENTO NUTRICIONAL PARA MENOR DE CINCO ANOS,300000,1
7135164,1,COMPLEMENTO NUTRICIONAL PARA NINOS MENORES DE CINCO ANOS,1200000,1
7135291,1,AYUDA HUMANITARIA5,930000,1
7135308,1,AYUDA HUMANITARIA,300000,1
7136138,1,AYUDA HUMANITARIA,826000,1
7136143,1,AYUDA HUMANITARIA,500000,1
7136525,1,JOVENES EN ACCION,800000,1
7136596,1,FAMILIAS EN SU TIERRA,15000000,1
7136644,1,AYUDA HUMANITARIA POR LA OLA INVERNAL,60000,1
7136656,1,CONCAJA,1116000,1
7136763,1,JOVENES EN ACCION,400000,1
7136763,1,JOVENES EN ACCION,400000,1
7136763,1,JOVENES EN ACCION,400000,1
7137053,1,AYUDA HUMANITARIA,520000,1
7137100,1,SUBSIDIO FAMILIAR DE COMFASUCRE,240000,1
7137313,1,UNIDAD DE VICTIMAS,1274000,1
7137314,1,UNIDAD DE VICTIMAS,600000,1
7137663,1,SUSTITUCION DE CULTIVOS ILICITOS,12000000,1
7137684,1,INDEMNIZACION DE DESPLAZADOS,15000000,1
7137704,1,MAMPOSTA ICBF,330000,1
7138091,1,UNIDAD DE VICTIMA PARA DESPLAZADOS,975000,1
7138102,1,UNIDAD DE VICTIMA,760000,1
7138203,1,MERCADOS PARA ADULTO MAYOR,100000,1
7138205,1,MERCADOS PARA ADULTO MAYOR,100000,1
7138214,1,DESPLAZADOS,740000,1
7138308,1,JOVEN EN ACCION,2400000,1
7138382,1,AYUDA HUMANITARIA,1320000,1
7138423,1,BOGOTA TE NUTRE,2400000,1
7138442,1,CANASTA RURAL,1400000,1
7138449,1,LA CANASTA,2000000,1
7138452,1,CRECIENDO EN FAMILIA EN LA RURALIDAD,800000,1
7138504,1,BOGOTA TE NUTRE,3000000,1
7138522,1,JOVENES EN ACCION,800000,1
7138899,1,ADULTO MAYOR,900000,1
7139163,1,SER PILO PAGA,10000000,1
7139163,1,SER PILO PAGA,10000000,1
7139163,1,SER PILO PAGA,10000000,1
7139371,1,UNIDAD DE VICTIMAS POR DESPLAZADOS,700000,1
7139374,1,CRUZ ROJA,229000,1
7139377,1,BONOS DE MERCADO POR LA CRUZ ROJA,500000,1
7139380,1,PROGRAMA DE LA CRUZ ROJA,200000,1
7139537,1,DESPLAZADO,840000,1
7139662,1,PROGRAMA DE ATENCION AL DESPLAZADO,800000,1
7139730,1,JOVENES EN ACCION,2400000,1
7139734,1,JOVENES EN ACCION,1400000,1
7139789,1,SER PILO PAGA,1200000,1
7139795,1,BEPS,720000,1
7140024,1,DESARROLLO FAMILIAR EN MEDIO FAMILIAR,120000,1
7140075,1,JOVENES EN ACCION,400000,1
7140084,1,JOVENES EN ACCION,1400000,1
7140113,1,PLAN COLOMBIA,216000,1
7140175,1,SEGURO DE LA HIJA,30000,1
7140184,1,AYUDA HUMANITARIA UNIDAD DE VICTIMAS,600000,1
7140201,1,SUBSIDIO DE TRANSPORTE,900000,1
7140209,1,SUBSIDIO DE TRANSPORTE,400000,1
7140395,1,ADULTO MAYOR,540000,1
7140508,1,JOVENES EN ACCION,2400000,1
7140794,1,SUBSIDIO FAMILIAR DE FUERZAS MILITARES,2760000,1
7140966,1,AYUDA PARA VICTIMAS DEL CONFLICTO,410000,1
7140967,1,AYUDA PARA VICTIMAS,700000,1
7140980,1,AYUDA HUMANITARIA,1500000,1
7141203,1,COMCAJA,80000,1
7141231,1,JOVEN EN ACCION,2400000,1
7141248,1,PNIS,1800000,1
7141305,1,PENIS,8000000,1
7141315,1,PNIS,1200000,1
7141343,1,PNIS,12000000,1
7141439,1,COMFACASANARE,360000,1
7141861,1,JOVENES EN ACCION,800000,1
7141864,1,SUBSIDIO DE COMFASUCRE,960000,1
7141995,1,UNIDAD DE VICTIMAS,600000,1
7142036,1,SUBSIDIO PARA POBLACION DESPLAZADA,2020000,1
7142057,1,JOVENES EN ACCION,800000,1
7142155,1,POR DESPLAZADOS,300000,1
7142169,1,FAMILIAS EN SU TIERRA,5000000,1
7142172,1,PROSPERIDAD SOCIAL,4000000,1
7142231,1,AYUDA HUMANITARIA,720000,1
7142246,1,DESPLAZADOS,6240000,1
7142527,1,COMFATOLIMA,40000,1
7142848,1,ADULTO MAYOR,900000,1
7143177,1,JOVENES EN ACCION,200000,1
7143193,1,BECA BICENTEBARIO,5000000,1
7143375,1,SUBSIDIO PARA TRASPORTE EN TRASMILENIO,388000,1
7143460,1,PROGRAMA,180000,1
7143575,1,COMEDOR,1560000,1
7143904,1,ARN AGENCIA PARA LA REINCORPORACION Y NORMALIZACION,4800000,1
7143906,1,AYUDA HUMANITARIA POR DESPLAZAMIENTO,800000,1
7144107,1,MERCADO PARA LOS ADULTOS MAYORES,600000,1
7144107,1,MERCADO PARA LOS ADULTOS MAYORES,600000,1
7144369,1,JOVENES EN ACCION,2400000,1
7144521,1,DESMOVILIZACION,8880000,1
7144611,1,CAJASAI,250000,1
7144665,1,JOVENES EN ACCION,200000,1
7144679,1,JOVENES EN ACCION,400000,1
7144984,1,FAMILIAS EN LA RURALIDAD,2000,1
7145011,1,CANASTAS FAMILIAR,99,1
7145023,1,LA CANASTA,99,1
7145024,1,SEMILLAS Y AGUA,99,1
7145025,1,CRECIENDO EN LA RURALIDAD,1236000,1
7145108,1,AYUDA HUMANITARIA,700000,1
7145129,1,AYUDA HUMANITARIA,400000,1
7145363,1,SUBSIDIO DE DESPLAZADOS,600000,1
7145434,1,MEJORAMIENTO DE VIVIENDA,2000000,1
7145679,1,DESPLAZAMIENTO FORZADO,780000,1
7145777,1,AYUDA HUMANITARIA,560000,1
7145802,1,CAJA DE COMPENSACION FAMILIAR,1104000,1
7145805,1,SUBSIDIO FAMILIAR CAJA DE COMPENSACION COFREM,600000,1
7145906,1,JOVENES EN ACCION,200000,1
7145970,1,MERCADO CRUZ ROJA,504000,1
7145973,1,MERCADOS CRUZ ROJA,252500,1
7145979,1,CRUZ ROJA,189000,1
7146187,1,JOVENES EN ACCION,800000,1
7146187,1,JOVENES EN ACCION,800000,1
7146277,1,VICTIMAS DEL CONFLICTO ARMADO,500000,1
7146621,1,SUBSIDIO PARA PADRES,360000,1
7146743,1,AYUDA HUMANITARIA,13000000,1
7146755,1,APOYO DESPLAZADOS,1180000,1
7146760,1,AYUDA HUMANITARIA,240000,1
7146908,1,AYUDA HUMANITARIA,4800000,1
7146992,1,AYUDA EPM,12000000,1
7146994,1,DESALOJADOS POR CONTINGENCIA DE ITUANHO,13200000,1
7147234,1,AYUDA HUMANITARIA,606000,1
7147521,1,NO SABE,98,1
7147606,1,JOVENES EN ACCION,400000,1
7147776,1,UNIDAD PARA LAS VICTIMAS,2880000,1
7147841,1,CENTRO VIDA,99,1
7147861,1,AYUDA HUMANITARIA,500000,1
7147974,1,ONG PROGRAMA DE ALIMENTACION,360000,1
7148041,1,CORTE DE CAFE,300000,1
7148092,1,AYUDA HUMANITARIA,300000,1
7148158,1,JOVENES EN ACCION,400000,1
7148354,1,JOVENES EN ACCION,1200000,1
7148427,1,UNIDAD DE VICTIMAS,700000,1
7148686,1,VICTIMAS DEL CONFLICTO,4800000,1
7148693,1,SEMILLITAS DE PAZ,350000,1
7148943,1,CHILDRENS,252500,1
7149048,1,CAJASAI,480000,1
7149102,1,CAJA DE CIMPENSACION FAMILIAR CAJAMAG,40000,1
7149102,1,CAJA DE CIMPENSACION FAMILIAR CAJAMAG,40000,1
7149107,1,CAJA DE COMPENSACION FAMILIAR,120000,1
7149602,1,AYUDA HANITARIA,900000,1
7149625,1,BONO ALIMENTACION,2264000,1
7149750,1,CANASTA RURAL,80000,1
7149765,1,CRECIENDO EN FAMILIA ATENCION EN LA PRIMERA INFANCIA EN LA RURALIDAD,1236000,1
7149788,1,CANASTA,120000,1
7149791,1,COMPLEMENTO NUTRICIONAL,550000,1
7149795,1,CANASTA RURAL,600000,1
7149797,1,CANASTA CDI,600000,1
7149811,1,CANASTA FAMILIAR,800000,1
7149821,1,CANASTA RURAL,1000000,1
7149828,1,CANASTA RURAL,1000000,1
7149848,1,CANASTA,1200000,1
7149860,1,CANASTA FAMILIAR,1200000,1
7149864,1,BONO ADULTO MAYOR,2880000,1
7149866,1,CANASTA FAMILIAR,1200000,1
7149871,1,CANASTA FAMILIAR,2400000,1
7149925,1,FAMILIAS EN SU TIERRA,4000000,1
7149949,1,AUXILIO DE DESPLAZADOS,200000,1
7149961,1,COMFAMILIAR HUILA,13000000,1
7150471,1,SUBSIDIO FAMILIAR CAJA DE COMPENSACION COFREM,792000,1
7150484,1,SUBSIDIO FAMILIAR CAJA DE COMPESACION COFREM,384000,1
7150727,1,ASOFAMI,160000,1
7150727,1,ASOFAMI,160000,1
7150727,1,ASOFAMI,160000,1
7150727,1,ASOFAMI,160000,1
7150756,1,FOSFEC,400000,1
7151333,1,DESPLAZADOS,200000,1
7151383,1,JOVENES EN ACCION,4800000,1
7151587,1,SUBSIDIO POR CAJA DE COMPENSACIOB,720000,1
7152206,1,MEDELLIN SOLIDARIA,99,1
7152253,1,UNIDAD PARA VICTIMAS,800000,1
7152337,1,JOVENES EN ACCION,1600000,1
7152351,1,DESPLAZADOS,1400000,1
7152360,1,PROGRAMA DE VICTIMAS DE LA VIOLENCIA,200000,1
7152693,1,DESPLAZADOS,980000,1
7152729,1,PROGRAMA CAFAMAZ,120000,1
7152881,1,PNIS,1800000,1
7152949,1,PENIS,12000000,1
7152959,1,PNIS,6000000,1
7152964,1,RECOLECTORES,2000000,1
7153003,1,PNIS,12000000,1
7153006,1,PNIS,12000000,1
7153038,1,PNIS,12000000,1
7153073,1,SUBSIDIO COMFACASANARE,30000,1
7153078,1,MERCADOS,50000,1
7153366,1,JOVENES EN ACCION,800000,1
7153424,1,COOFREN,420000,1
7153509,1,UNIDAD DE VICTIMAS,200000,1
7153549,1,ALIMENTACION Y AYUDA HUMANITARIA,420000,1
7153550,1,ALIMENTACION Y MANUTENCION ALIMENTARIA,300000,1
7153999,1,AYUDA HUMANITARIA,200000,1
7154087,1,MEJORAMIENTO DE VIVIENDA,4000000,1
7154118,1,JOVENES EN ACCION,800000,1
7154118,1,JOVENES EN ACCION,800000,1
7154235,1,SISTEMA NACIONAL PARA LA PREVENCION Y ATENCION DE DESASTRES,150000,1
7154280,1,REINO UNIDO PARA DESPLAZADOS,1600000,1
7154745,1,DESPLAZADOS,300000,1
7154771,1,PENIS,2000000,1
7154996,1,DESPLAZADOS,800000,1
7155068,1,DESPLAZAMIENTO FORZADO,950000,1
7155222,1,UNIDAD DE VICTIMAS,470000,1
7155293,1,AYUDA HUMANITARIA,480000,1
7155346,1,DESPLAZADOS,200000,1
7155673,1,FAMILIAS EN SU TIERRA,1400000,1
7155684,1,FAMILIAS EN SU TIERRA,1400000,1
7155882,1,CONSORCIO COLOMBIA,3000000,1
7156013,1,DESPLAZAMIENTO,200000,1
7156016,1,DESPLAZAMIENTO,200000,1
7156138,1,CENTRO VIDA,99,1
7156144,1,PROGRAMA DE CERO A SIEMPRE,400000,1
7156145,1,DE CERO A SIEMPRE,400000,1
7156268,1,SUBSIDIO FAMI,50000,1
7156281,1,0 A 5IEMPRE,600000,1
7156685,1,EPM AYUDA POR HIDROITUANGO,10000000,1
7156738,1,JOVENES EN ACCION,2400000,1
7156958,1,APOYO DE DESPLAZADOS,700000,1
7157283,1,NO,300000,1
7157465,1,FAMILIAS EN SUS TIERRAS,1400000,1
7157470,1,CAJASAI,384000,1
7157472,1,CAJASAI,280000,1
7157978,1,AYUDA HUMANITARIA,3000000,1
7158188,1,AYUDA HUMANITARIA POR UNA UNICA VES DOSCIENTOS OCHENTA MIL PESOS,280000,1
7158330,1,INDEGNIZACION POR DESPLAZAMIENTO FORZADO,2100000,1
7158358,1,AYUDA HUMANITARIA,1000000,1
7158400,1,AYUDA HUMANITARIA,300000,1
7158617,1,JOVENES EN ACCION,1600000,1
7159276,1,DESPLAZADOS,3690000,1
7159280,1,UNIDAD DE VICTIMAS,580000,1
7159294,1,UNION DE VICTIMAS,1460000,1
7159300,1,UNIDAD DE VICTIMAS,580000,1
7159306,1,UNION DE VICTIMAS,2340000,1
7159316,1,DESPLAZADOS,990000,1
7159317,1,DESPLAZADOS,900000,1
7159326,1,UNIDAD DE VICTIMAS DE DESPLAZAMIENTO,580000,1
7159331,1,DESPLAZADOS,800000,1
7159334,1,DESPLAZADOS,500000,1
7159339,1,DESPLAZADOS,470000,1
7159340,1,UNIDAD DE VICTIMAS,997000,1
7159345,1,DESPLAZADOS,800000,1
7159356,1,UNIDAD DE VICTIMAS,840000,1
7159358,1,UNIDAD DE VICTIMAS,995000,1
7159363,1,DESPLAZADOS,800000,1
7159378,1,DESPLAZADOS,533000,1
7159390,1,DESPLAZADOS,900000,1
7159654,1,UNIDAD DE VICTIMAS,408000,1
7160282,1,AYUDA HUMANITARIA,800000,1
7160469,1,AYUDA HUMANITARIA,1433000,1
7160682,1,JOVENES EN ACCION,600000,1
7161347,1,SUSTITUCION DE CULTIVOS ILICITOS,6000000,1
7161705,1,UAU,700000,1
7161713,1,SUBSIDIO COMFANDI CAJA DE COMPENSACION FAMILIAR,420000,1
7161716,1,COMFAMILIAR,180000,1
7161898,1,SUBSIDIO FAMILIAR,408000,1
7161961,1,JOVENES EN ACCION,1000000,1
7162452,1,COMCAJA,540000,1
7162492,1,JOVENES EN ACCION,800000,1
7162714,1,UNIDAD DE VICTIMAS,280000,1
7163142,1,CAJAMAG,56000,1
7163150,1,CAJAMAG,500000,1
7163255,1,AYUDA HUMANITARIA,900000,1
7163267,1,JOVENES EN ACCION,1200000,1
7163617,1,DESPLA,12400000,1
7163818,1,CANASTA,1200000,1
7163828,1,BOGOTA TE NUTRE,120000,1
7163833,1,CANASTA FAMILIAR,1200000,1
7163836,1,CANASTA,120000,1
7163837,1,CANASTA,1200000,1
7163839,1,CANASTA RURAL,2000000,1
7163841,1,CANASTA,1200000,1
7163847,1,CANASTA RURAL,1200000,1
7163849,1,CANASTA RURAL,900000,1
7163850,1,CANASTA RURAL,600000,1
7163851,1,CANASTA,1200000,1
7163858,1,CANASTA,720000,1
7163862,1,CANASTA FAMILIAR,600000,1
7163880,1,LA CANASTA,2400000,1
7163887,1,CANASTA COMPLEMENTARIA,1200000,1
7163897,1,CDI FAMI,99,1
7163902,1,LA CANASTA,1200000,1
7163907,1,CANASTA,1200000,1
7163908,1,CANASTA HUMANITARIA,2400000,1
7163909,1,LA CANASTA,200000,1
7163918,1,CANASTA FAMILIAR,600000,1
7163932,1,CANASTA FAMILIAR,1000000,1
7163936,1,CANASTA FAMILIAR,1200000,1
7163942,1,CANASTA FAMILIAR,1200000,1
7163945,1,CANASTA,1800000,1
7163947,1,CANASTA FAMILIAR,1200000,1
7163954,1,CANASTA,100000,1
7163957,1,CANASTA RURAL TIPO B,300000,1
7163968,1,LA CANASTA COMPLEMENTARIA,2500000,1
7163969,1,CANASTA FAMILIAR,99,1
7163972,1,ADULTO MAYOR,1440000,1
7163974,1,CANASTA RURAL TIPO B,200000,1
7163977,1,CANASTA FAMILIAR,1200000,1
7163978,1,CANASTA FAMILIAR,99,1
7164293,1,ATENCION HUMANITARIA,4500000,1
7164346,1,DISCAPACIDAD,80000,1
7164354,1,DISCAPACIDAD,960000,1
7165118,1,AYUDA HUMANITARIA,2040000,1
7165129,1,AYUDA HUMANITARIA,825000,1
7165136,1,UNIDAD DE VICTIMAS,800000,1
7165145,1,UAO,1400000,1
7165154,1,DESPLAZADOS,300000,1
7165162,1,DESPLAZADOS,1800000,1
7165163,1,DESPLAZDOS,900000,1
7165168,1,DESPLAZADOS,600000,1
7165172,1,DESPLAZADOS,1800000,1
7165174,1,DESPLAZADOA,1800000,1
7165175,1,DESPLAZADOS,500000,1
7165176,1,DESPLAZADIS,1800000,1
7165178,1,DESPLAZADOS,750000,1
7165295,1,JOVENES EN ACCION,200000,1
7165388,1,VICTIMAS DEL CONFLICTO ARMADO,1000000,1
7165414,1,JOVENES EN ACCION,1200000,1
7165422,1,AUXILIO UNIDAD DE VICTIMAS DEL CONFLICTO ARMADO,215000,1
7165435,1,DESPLAZADOS,300000,1
7165451,1,FAMILIAS DE MI TIERRA,1400000,1
7165451,2,SOMOS RURALES,2400000,1
7165453,1,FAMILIAS EN SU TIERRA,1400000,1
7165456,1,SOMOS TIERRA,1400000,1
7165461,1,MAS FAMILIAS EN SUS TIERRAS,400000,1
7165466,1,RESTITUCION DE TIERRAS,98,1
7165468,1,AYUDA HUMANITARIA POR DESPLAZAMIENTO,1300000,1
7165519,1,SUBSIDIO DE ARRIENDO,400000,1
7165809,1,UNIDAD CARITAS ALEGRES,450000,1
7165859,1,SEGURO DE COMFENALCO,336000,1
7165861,1,SUBSIDIO FAMILIAR COMFENALCO,672000,1
7165934,1,COMFENALCO,360000,1
7165973,1,AYUDA HUMANITARIA,900000,1
7166176,1,COLPENSIONES,189000,1
7166246,1,OFICINA DE ATENCION A DESPLAZADOS,780000,1
7166521,1,POR DESPLAZAMIENTO 2,266000,1
7166623,1,JOVENES EN ACCION,600000,1
7166752,1,ACCION SOCIAL DESPLAZAMIENTO,1000000,1
7166769,1,AYUDA HUMANITARIA,300000,1
7166775,1,AYUDA HUMANITARIA,1200000,1
7167046,1,AYUDA HUMANITARIA,1300000,1
7167049,1,AYUDA HUMANITARIA,586000,1
7167063,1,AYUDA HUMANITARIA,1300000,1
7167068,1,AYUDA HUMANITARIA,600000,1
7167103,1,AYUDA HUMANITARIA,548000,1
7167217,1,AYUDAS HUMANITARIAS,2934000,1
7167584,1,JOVENES EN ACCION,1600000,1
7167813,1,JOVENES EN ACCION,2400000,1
7167876,1,DESPLAZADOS,415000,1
7167879,1,PNIS,6000000,1
7167888,1,PNIS,2000000,1
7167892,1,PNIS,2000000,1
7167902,1,PNIS,8000000,1
7167910,1,PNIS,2000000,1
7167915,1,LA UNIDAD PARA LA REPARACION DE VICTIMAS,1300000,1
7167923,1,PNIS,1800000,1
7167928,1,PNIS,1800000,1
7167930,1,PNIS,4000000,1
7167933,1,PNIS,1800000,1
7167935,1,PNIS,1800000,1
7167939,1,MEJORAMIENTO DE PRADERAS Y CONSERVACION DE BOSQUES,4000000,1
7167949,1,PNIS,8000000,1
7167950,1,PNIS,3800000,1
7167951,1,PNIS,9000000,1
7168052,1,JOVENES EN ACCION,1600000,1
7168394,1,CAJAMAG,1008000,1
7168965,1,MERCADO,400000,1
7169484,1,DISCAPACIDAD,960000,1
7169892,1,AYUDA HUMANITARIA DE VICTIMAS DEL DESPLAZAMIENTO FORZADO,2700000,1
7170066,1,DESPLAZADO,700000,1
7170520,1,CAJA DE COMPENSACION COMFACOR POR TRABAJO,736000,1
7170853,1,JOVENES EN ACCION,200000,1
7170855,1,PROGRAMA PARA EL ADULTO MAYOR,720000,1
7170928,1,UNIDAD DE VICTICTIMAS,480000,1
7171340,1,COMFAMILIAR,336000,1
7171381,1,FAMILIAS EN ACCION,112000,1
7171407,1,JOVENES EN ACCION,1200000,1
7171524,1,JOVENES EN ACCION,800000,1
7171609,1,JOVENES EN ACCION,1800000,1
7171747,1,SUBSIDIOS FAMILIAR CAJA DE COMPENSACION FAMILIAR,300000,1
7171770,1,CAJA DE COMPENSACION COFREM,140000,1
7171773,1,TECOA,1440000,1
7171778,1,VICTIMAS DE DESPLAZAMIENTO,2000000,1
7172043,1,SUSTITUCION DE TIERRAS,2000000,1
7172046,1,PROGRAMA DE LA CRUZ ROJA,252500,1
7172048,1,CRUZ ROJA,760000,1
7172054,1,AYUDA HUMANITARIA,800000,1
7172055,1,MERCADOS DE LA CRUZ ROJA,864000,1
7172056,1,UNIDAD DE VICTIMAS,616000,1
7172199,1,MAS FAMILIAS EN ACCION,117000,1
7172201,1,COMFACAUCA,720000,1
7172227,1,JOVENES EN ACCION,90000,1
7172270,1,ADULTO MAYOR,960000,1
7172272,1,AYUDA HUMANITARI,70000,1
7172272,1,AYUDA HUMANITARI,70000,1
7172275,1,SUBSIDIO DE VIVIENDA,1200000,1
7172301,1,PROTECCION AL TESTIGO,2400000,1
7172612,1,COMFACOR,360000,1
7172616,1,COMFACOR,720000,1
7173097,1,SUBSIDIO DE ARRENDAMIENTO,1500000,1
7173343,1,DESPLAZAMIENTO FORZADO,99,1
7173523,1,AYUDA HUMANITARIA POR DESPLAZAMIENTO,1758000,1
7173819,1,CANASTA,1200000,1
7173836,1,LA CANASTA,1200000,1
7173843,1,CANASTA FAMILIAR,900000,1
7173844,1,CANASTA RURAL TIPO A,99,1
7173848,1,CANASTA RURAL B,2400000,1
7174143,1,AYUDAS HUMANITARIA S,1400000,1
7174602,1,SUBSIDIO FAMILIAR CAJA DE COMPENSACION FAMILIAR,1080000,1
7174633,1,SUBSIDIO FAMILIAR CAJA DE COMPENSACION FAMILIAR,330000,1
7174795,1,LEY DE VICTIMAS,900000,1
7175382,1,DESPLAZADOS,770000,1
7175391,1,VICTIMAS DEL CONFLICTO ARMADO,750000,1
7175393,1,DESPLAZADOS,1100000,1
7175424,1,DESPLAZADOS,400000,1
7175430,1,DESPLAZADOS,900000,1
7175431,1,DESPLAZADO,1000000,1
7175435,1,DESPLAZADOS,1700000,1
7175436,1,DESPLAZADOS,600000,1
7175633,1,SUBSIDIO FAMILIAR DE CONFENALCO,360000,1
7176044,1,CERO A SIEMPRE,600000,1
7176489,1,JOVENES EN ACCION,800000,1
7176494,1,JOVENES EN ACCION,400000,1
7176561,1,RENTA BASICA,8400000,1
7176593,1,SUBSIDIO COMFACASANARE,300000,1
7176784,1,JOVENES EN ACCION,800000,1
7176852,1,AYUDA HUMANITARIA PARA DESPLAZADOS,1500000,1
7176956,1,JOVENES EN ACCION,2400000,1
7176956,1,JOVENES EN ACCION,2400000,1
7177015,1,CRUZ ROJA COLOMBIANA,70000,1
7177022,1,ATENCION HUMANITARIA,990000,1
7177025,1,VICTIMAS DE CONFLICTO ARMADO,150000,1
7177047,1,VICTIMAS DE DESPLAZAMIENTO,210000,1
7177049,1,VICTIMA DE DESPLAZAMIENTO,3900000,1
7177050,1,VICTIMAS DE DESPLAZAMIENTO,1500000,1
7177092,1,DESPLAZAMIENTO DE VICTIMAS,400000,1
7177094,1,DESPLAZAMIENTO DE VICTIMAS,500000,1
7177097,1,DESPLAZAMIENTO DE VICTIMAS,520000,1
7177159,1,PROGRAMA DE COMEDORES DE ADULTO MAYOR,1728000,1
7177248,1,SUBSIDIO DESEMPLEO CONFA,894000,1
7177322,1,CERO A SIEMPRE Y MERCADO,840000,1
7177343,1,AYUDA HUMANITARIA,260000,1
7177572,1,JOVENES EN ACCION,800000,1
7177798,1,CRECRIMIENTO Y DESARROLLO,900000,1
7178150,1,COMFACESAR,600000,1
7178249,1,BENEFICIARIOS CESANTES,1185000,1
7178250,1,CAJAMAG,708000,1
7178513,1,SUBSIDIO DE DESPLAZADOS,380000,1
7178894,1,SUBSIDIO AL DESEMPLEO1,1000000,1
7178979,1,BONO POR DISCAPACIDAD,1500000,1
7179012,1,CANASTA FAMILIAR,99,1
7179018,1,CANASTA FAMILIAR,99,1
7179026,1,CANASTA FAMILIAR,1200000,1
7179027,1,CANASTA FAMILIAR,99,1
7179029,1,CANASTA FAMILIAR,1200000,1
7179031,1,CANASTA ALIMENTARIA,99,1
7179033,1,CANASTA FAMILIAR,1200000,1
7179034,1,CANASTA FAMILIAR,99,1
7179043,1,CANASTA FAMILIAR,99,1
7179050,1,CANASTA FAMILIAR,1200000,1
7179053,1,CARACOLITOS DE USME,99,1
7179057,1,CANASTA FAMILIAR,1500000,1
7179060,1,CANASTA FAMILIAR,1500000,1
7179063,1,CANASTA FAMILIAR,99,1
7179064,1,CANASTA FAMILIAR,1800000,1
7179066,1,CANASTA FAMILIAR,99,1
7179067,1,CANASTA FAMILAR,1200000,1
7179088,1,CANASTA FAMILIAR,99,1
7179092,1,CANASTA FAMILIAR,99,1
7179098,1,CANASTA FAMILIAR,1800000,1
7179109,1,CANASTA FAMILIAR,12000000,1
7179116,1,DESEMPLEO,1140000,1
7179367,1,APOYO AL DISCAPACITADO,960000,1
7179410,1,PLOBACION VICTIMA,700000,1
7179649,1,AYUDA HUMANITARIA POR DESPLAZAMIENTO FORZADO,520000,1
7179791,1,AYUDA HUMANITARIA,450000,1
7179809,1,JOVENES EN ACCION,2400000,1
7180257,1,REPARACION DE VICTIMAS,800000,1
7180368,1,MIL DIAS,300000,1
7180376,1,TRANSFERENCIAS,76048,1
7180387,1,PROGRAMA DE CERO A SIEMPRE,840000,1
7180387,2,SISTEMA GENERAL DE PARTICIPACIONES SGP DNP,600000,1
7180394,1,SISTEMA GENERAL DE PARTICIPACIPACIONES SGP DNP,600000,1
7180398,1,PROGRAMA DE CERO A SIEMPRE,840000,1
7180398,2,SISTEMA GENERAL DE PARTICIPACIONES SGP DNP,600000,1
7180402,1,PROGRAMA DE CERO A SIEMPRE,840000,1
7180402,2,SISTEMA GENERAL DE PARTICIPACIONES SGP DNP,600000,1
7180403,1,SISTEMA GENERAL DE PARTICIPACIONES SGP DNP,600000,1
7180407,1,SISTEMA GENERAL DE PARTICIPACIONES SGP DNP,600000,1
7180413,1,SISTEMA GENERAL DE PARTICIPACIONES SGP DNP,1200000,1
7180415,1,SISTEMA GENERAL DE PARTICIPACIONES SGP DNP,600000,1
7180422,1,SISTEMA GENERAL DE PARTICIPACIONES SGP DNP,600000,1
7180425,1,SISTEMA GENERAL DE PARTICIPACIONES SGP DNP,600000,1
7180430,1,SISTEMA GENERAL DE PARTICIPACIONES SGP DNP,600000,1
7180430,2,PROGRAMA DE CERO A SIEMPRE,840000,1
7180766,1,AYUDA HUMANITARIO,880000,1
7180785,1,CRUZ ROJA COLOMBIANA,1440000,1
7180785,1,CRUZ ROJA COLOMBIANA,1440000,1
7180787,1,ICBF,50000,1
7180827,1,ALCALDIA DE DURANIA,80000,1
7180828,1,TANQUE DE AGUA,200000,1
7180830,1,ALCALDIA DE DURANIA,60000,1
7180917,1,PROGRAMA ADULTO MAYOR,1900000,1
7180922,1,AYUDA HUMANITARIA,340000,1
7180923,1,AYUDA HUMANITARIA,1000000,1
7180976,1,ADULTO MAYOR,960000,1
7180993,1,DESPLAZADOS,2340000,1
7181064,1,JOVENES EN ACCION,400000,1
7181599,1,AYUDA HUMANITATIA,1000000,1
7181630,1,VICTIMAS DE CONFLICTO ARMADO,1300000,1
7181655,1,COMITE DE CAFETEROS,100000,1
7181765,1,SUBSIDIO DADO POR EL EJERCITO,600000,1
7181820,1,SUBSIDIO DE CONFAMILIARES,840000,1
7181951,1,DESPLAZADOS,750000,1
7182064,1,FAMILIAS EN ACCION,64000,1
7182225,1,DESPLASADOS POR LA VIOLENCIA,200000,1
7182229,1,VICTIMAS,200000,1
7182247,1,REPARACION DE VICTIMAS,519000,1
7182254,1,APOYO AL DESPLAZADO,1400000,1
7182289,1,CERO A SIEMPRE,120000,1
7182297,1,CERO A SIEMPRE,300000,1
7182727,1,DESPLAZADO,450000,1
7182855,1,DESPLADOS,780000,1
7182875,1,DESPLAZADOS,1080000,1
7183302,1,AYUDA HUMANITARIA DE LA UNIDAD DE VICTIMAS DPS,400000,1
7183704,1,MIL DIAS,99,1
7183860,1,PNIS,12000000,1
7183884,1,PENIS,4000000,1
7183978,1,PNIS,3000000,1
7183982,1,PNIS,3000000,1
7184109,1,MERCADO ALCALDIA,1200000,1
7184109,2,MERCADO GOBERNACION,1200000,1
7184477,1,CRECIMIENTO Y DESARROLLO,1140000,1
7184498,1,CRECIMIENTO Y DESARROLLO,840000,1
7184499,1,PROGRAMA UNIDAD PARA LAS VICTIMAS,1300000,1
7184568,1,CAJAMAG,504000,1
7184590,1,AYUDA A DESPLAZADOS,450000,1
7184593,1,AYUDA HUMANITARIA,500000,1
7184598,1,AYUDA HUMANITARIA,230000,1
7184602,1,AYUDA HUMANITARIA,700000,1
7184778,1,SUSTI,4000000,1
7184911,1,RIO PAILA CASTILLA,1200000,1
7184941,1,AYUDAS HUMANITARIAS VICTIMAS DEL CONFLICTO ARMADO,700000,1
7184951,1,TEKOA,120000,1
7184956,1,CAJA DE COMPESACION COMFREM,936000,1
7184959,1,CAJA DE COMPESACION COFREM,744000,1
7184966,1,TEKOA,1200000,1
7184967,1,TECOE,1200000,1
7185034,1,JOVENES EN ACCION,4800000,1
7185196,1,CENTRO VIDA,4000000,1
7185521,1,SUBSIDIO FAMILAR DE CAJA DE COMPENSACION DE CORDOBA COMFACOR,720000,1
7186086,1,DESPLAZADOS,240000,1
7186312,1,JOVENES EN ACCION,2400000,1
7186436,1,DESPLAZADO,4000000,1
7186820,1,AYUDA HUMANITARIA,400000,1
7186932,1,SUSTITUCION DE CULTIVOS ILICITOS,2000000,1
7186938,1,AYUDA HUMANITARIA,266000,1
7186942,1,AYUDA HUMANITARIA,1000000,1
7186947,1,AYUDA HUMANITARIA,240000,1
7186950,1,SUSTITUCION DE CULTIVOS ILICITOS,2000000,1
7186953,1,SUSTITUCION DE CULTIVOS ILICITOS,2000000,1
7186967,1,SUSTITUCION DE CULTIVOS ILICITOS,2000000,1
7186971,1,AYUDA HUMANITARIA,3000000,1
7187461,1,DESPLAZAMIENTO FORZADO,400000,1
7187485,1,DE CERO A SIEMPRE,2400000,1
7187485,2,SISTEMA GENERAL DE PARTICIPACIONES SGP DNP,600000,1
7187684,1,JOVENES EN ACCION,300000,1
7187684,2,CAJA DE COMPENSACION FAMILIA,300000,1
7188184,1,EXCOMBATIENTE DE LAS FARC REINSERCION A LA VIDA CIVIL,21600000,1
7189401,1,AYUDA HUMANITARIA,760000,1
7189415,1,RESTITUCION DE CULTIVOS ILICITOS,12000000,1
7189417,1,SUSTITUCION DE CULTIVOS ILICITOS,1800000,1
7189480,1,AYUDA HUMANITARIA,200000,1
7189485,1,AYUDA HUMANITARIA POR DESPLAZAMIENTO FORZADO,570000,1
7189501,1,AYUDA HUMANITARIA,350000,1
7190075,1,MEJORAMIENTO DE VIVIENDA,4000000,1
7190119,1,INDEMNIZACION DE DESPLAZADO,12000000,1
7190152,1,FAMI,300000,1
7190157,1,BIENESTAR FAMILIAR,100000,1
7190284,1,JOVENES EN ACCION1,800000,1
7190565,1,FAMILIA EN SU TIERRA,1400000,1
7191063,1,DESPLAZADOS,1236800,1
7191475,1,CANASTA COMPLEMENTARIA,650000,1
7191476,1,CANASTA,1200000,1
7191477,1,CANSTA,1200000,1
7191479,1,CANASTA,1460000,1
7191482,1,CANASTA,2000000,1
7191482,2,CANASTA,1000000,1
7191485,1,CANASTA FAMILIAR,99,1
7191486,1,CANAST,1440000,1
7191491,1,CANASTA,1200000,1
7191493,1,CANASTA,1200000,1
7191495,1,LA CANASTA,1200000,1
7191498,1,CANASTA,2400000,1
7191499,1,LA CANASTA,1200000,1
7191504,1,CANASTA FAMILIAR,1500000,1
7191510,1,CANASTA FAMILIAR,99,1
7191512,1,CANASTA,800000,1
7191514,1,CANASTA,1200000,1
7191515,1,LA CANASTA,2000000,1
7191516,1,LA CANASTA,700000,1
7191519,1,CANASTA,480000,1
7191522,1,CANASTA,800000,1
7191525,1,CANASTA FAMILIAR,900000,1
7191528,1,CANASTA RURAL TIPO A,650000,1
7191533,1,CANASTA,2400000,1
7191536,1,CANASTA RURAL,1800000,1
7191537,1,CANASTA,1200000,1
7191540,1,CANASTA,1800000,1
7191545,1,CANASTA FAMILIAR,720000,1
7191550,1,CANASTA,1800000,1
7191562,1,CANASTA,1200000,1
7191590,1,CANASTA RURAL TIPO A,800000,1
7191592,1,CANASTA FAMILIAR,800000,1
7191595,1,CANASTA RURAL TIPO A,1200000,1
7191709,1,SUBSIDIO SISBEN,960000,1
7192067,1,SUSTITUCION DE CULTIVOS ILICITOS,12000000,1
7192387,1,MUJERES EMPODERADAS,371875,1
7192436,1,ATENCION A PRIMERA INFANCIA DEL BIENESTAR FAMILIAR,600000,1
7192448,1,SUBSIDIO CAJA DE COMPENSACION COFREN,360000,1
7192458,1,CAJA DE COMPENSACION COFREM,624000,1
7192462,1,CAJA DE COMPESACION COFREM,312000,1
7192463,1,CAJA DE COMPESACION COFREM,1272000,1
7192465,1,CAJA DE COMPESACION COFREM,300000,1
7192467,1,CAJA DE COMPENSACION COFREM,936000,1
7192468,1,CAJA DE COMPENSACION COFREM,312000,1
7192472,1,CAJA DE COMPENSACION COFREM,312000,1
7192477,1,CAJA DE COMPENSACION COFREM,624000,1
7192482,1,CAJA DE COMPENSACION COFREM,1728000,1
7192559,1,DE CERO A SIEMPRE,600000,1
7192656,1,FUNDEESTAR,140000,1
7192845,1,SUBSIDIO DE DESPLAZADOS,600000,1
7193067,1,JOVENES EN ACCION,1200000,1
7193159,1,DESPLAZADOS,1320000,1
7193160,1,DESPLAZADOS,813000,1
7193170,1,DESPLAZADOS,400000,1
7193291,1,REPARACION DE VICTIMAS AYUDA HUMANITARIA,1400000,1
7193400,1,JOVENES EN ACCION,1600000,1
7193699,1,JOVENES EN ACCION,200000,1
7193763,1,JOVENES EN ACCION,200000,1
7193764,1,AYUDA HUMANITARIA,1000000,1
7193926,1,DESPLAZADOS POR LA VIOLENCIA,16800000,1
7193938,1,UNIDAD DE VICTIMAS,410000,1
7193941,1,AYUDA HUMANITARIA POR DESPLAZAMIENTO FORZADO,500000,1
7194048,1,VICTIMAS DEL CONFLICTO,99,1
7194092,1,TIQUETES TRANSPORTE ESTUDIANTIL,655200,1
7194210,1,REPARACION DE VICTIMAS,250000,1
7194465,1,DAMNIFICADOS DE HIDROHITUANGO,13200000,1
7194754,1,DESPLAZAMIENTO,1100000,1
7194778,1,ADULTO MAYOR,540000,1
7194835,1,FAMILIA EN ACCION,1080000,1
7195940,1,JOVENES EN ACCION,400000,1
7196457,1,MERCADO DE LOS ADULTOS MAYORES,500000,1
7196458,1,MERCADOS POR LA ALCALDI,140000,1
7196477,1,PROGRESO PARA NUNCHIA,240000,1
7196499,1,PAQUETE NUTRICIAL GOBERNACI,600000,1
7196644,1,FAMILIAS EN AXION,600000,1
7196644,2,ADULTO MAYOR,600000,1
7196649,1,VICTIMAS,400000,1
7196859,1,DESPLAZADOS,350000,1
7197045,1,JOVENES EN ACCION,400000,1
7197089,1,DESPLAZADOS,1500000,1
7197116,1,CRECIMIENTO Y DESARROLLO,960000,1
7197141,1,CRECIMIENTO Y DESARROLLO,1020000,1
7197147,1,CRECIMIENTO Y DESARROLLO,1020000,1
7197382,1,SUBSIDIO DE DESPLAZADOS,380000,1
7197491,1,SUSTITUCION DE CULTIVOS ILICITOS,2000000,1
7197497,1,SUSTITUCION DE CULTIVOS ILICITOS,2000000,1
7197500,1,SUSTITUCION DE CULTIVOS ILICITOS,2000000,1
7197505,1,SUSTITUCION DE CULTIVOS ILICITOS,2000000,1
7197523,1,SUSTITUCION DE CULTIVOS ILICITOS,2000000,1
7197557,1,COMEDOR COLOMBIA MAYOR,3600000,1
7197573,1,AYUDA HUMANITARIA,600000,1
7197589,1,AYUDA HUMANITARIA,775000,1
7197598,1,BANCO DE ALIMENTOS,180000,1
7197603,1,AYUDA HUMANITARIA,900000,1
7197605,1,AYUDA HUMANITARIA,400000,1
7197614,1,AYUDA HUMANITARIA,400000,1
7197702,1,SUSTITUCION DE CULTITIVOS,8000000,1
7197712,1,SUBSIDIO DE GAS PROPANO,36000,1
7197713,1,SUBSIDIO DE GAS,200000,1
7197715,1,SUBSIDIO DE GAS,90000,1
7197718,1,SUSTITUCION DE CULT,2000000,1
7197718,2,SUBSIDIO DE GAS PROPANO,100000,1
7198060,1,SUBSIDIO DE DESPLAZADOS,412000,1
7198232,1,DESPLAZADOS,100000,1
7198363,1,DESPLAZAMIENTO,760000,1
7198406,1,SUBSUDIO PARA DESPLAZADOS A CAUSA DEL CONFLICTO ARMADO,1200000,1
7198417,1,JOVENES EN ACCION,2400000,1
7198710,1,UNIDAD DE VICTIMAS,600000,1
7199221,1,INDEMNISACION DE DESPLAZADO,900000,1
7199229,1,INDEMNIZACION DE DESPLAZADO,700000,1
7199329,1,COMFACA,350000,1
7199375,1,AYUDA HUMANITARIA,1140000,1
7199486,1,DESMOVILIZADO,9600000,1
7199543,1,AYUDA HUMANITARIA,1200000,1
7199557,1,SUST,4000000,1
7199560,1,PEN,4000000,1
7199574,1,JOVENES EN ACCION,1600000,1
7199820,1,PROGRAMA DE CERO A SIEMPRE,1800000,1
7199998,1,LEY DE VICTIMAS,200000,1
7200043,1,PROGRAMA ADULTO MAYOR,960000,1
7200090,1,DESPLAZADOS,2000000,1
7200092,1,PROGRAMA DE DESPLAZADO,1160000,1
7200092,2,JOVENES EN ACCION,1600000,1
7200093,1,DESPLAZADOS,700000,1
7200117,1,PROGRAMA DESPLAZADOS,1000000,1
7200125,1,PROGRAMA DE DESPLAZADOS,600000,1
7200127,1,DESPLAZADOS,700000,1
7200128,1,PROGRAMA DE DESPLAZADOS,826000,1
7200133,1,DE CERO A SIEMPRE,200000,1
7200149,1,PROGRAMA DE DESPLAZADOS,2400000,1
7200155,1,DESPLAZADOS,1300000,1
7200161,1,DESPLAZADOS,40000,1
7200167,1,AYUDA HUMANITARIA,540000,1
7200177,1,PROGRAMA DESPLAZADOS,800000,1
7200195,1,DESPLAZADOS,410000,1
7200196,1,DESPLAZADO,1051000,1
7200205,1,DSPLAZADOS,1400000,1
7200209,1,PROGRAMA DESPLAZADOS,510000,1
7200210,1,DESPLAZADOS,570000,1
7200211,1,RESTITUCION DE CULTIVOS,4000000,1
7200212,1,DESPLAZADOS,280000,1
7200221,1,PROGRAMA DESPLAZADOS,1150000,1
7200235,1,DESPLAZADOS,200000,1
7200237,1,SUBSIDIO DE COMFAMILIAR,232000,1
7200238,1,DESPLAZADOS,615000,1
7200242,1,DESPLAZAMIENTO,900000,1
7200243,1,PROGRAMA DESPLAZADOS,800000,1
7200245,1,PROGRAMA DESPLAZADO,99,1
7200250,1,DESPLAZADOS,120000,1
7200251,1,DESPLAZADOS,300000,1
7200253,1,DESPLAZADOS,900000,1
7200259,1,DESPLAZADO,300000,1
7200268,1,DESPLAZADOS,760000,1
7200269,1,MADRES FAMI,1200000,1
7200275,1,PROGRAMA DESPLAZADO,3000000,1
7200277,1,DESPLAZADOS,200000,1
7200288,1,DESPLAZADOS,750000,1
7200289,1,DESPLAZADOS,550000,1
7200290,1,DESPLAZADOS,1045000,1
7200293,1,DESPLAZDOS,400000,1
7200299,1,DESPLAZADOS,640000,1
7200301,1,MADRES FAMI,30000,1
7200307,1,DESLAZADOS,700000,1
7200309,1,DESPLAZADOS,400000,1
7200311,1,DESPLAZADO,100000,1
7200317,1,DESPLAZADOS,840000,1
7200321,1,DESPLAZADOS,723000,1
7200323,1,DESPLAZADOS,200000,1
7200325,1,DRSPLAZADOS,600000,1
7200328,1,DESPLAZADOS,780000,1
7200329,1,DESPLAZADOS,700000,1
7200337,1,1,410000,1
7200337,2,DE CERO A SIEMPRE,100000,1
7200573,1,AYUDA HUMANITARIA,400000,1
7200997,1,ACUERDO DE PAZ,18218552,1
7201045,1,AUXILIO MOKANA,900000,1
7201046,1,MERCADO,1000000,1
7201108,1,JOVENES EN ACCION,1600000,1
7201620,1,MOVILIDAD ESCOLAR,2280000,1
7201728,1,BONO DE ALIMENTACION,1700000,1
7201819,1,BONO DE ADULTO MAYOR,4320000,1
7201830,1,CANASTA A,1200000,1
7201831,1,CANASTA A,120000,1
7201834,1,CANASTA TIPO A,1000000,1
7201838,1,CANASTA TIPO A,1000000,1
7201841,1,CANASTA A,1200000,1
7201844,1,CANASTA TIPO A,960000,1
7201846,1,CANASTA TIPO A,1500000,1
7201853,1,CANASTA TIPO B,2500000,1
7201858,1,CANASTA FAMILIAR,1200000,1
7201863,1,CANASTA FAMILIAR,1200000,1
7201864,1,BONO DE MERCADO,99,1
7201868,1,CANASTA FAMILIAR,99,1
7201869,1,CANASTA FAMILIAR,1200000,1
7201879,1,CANASTA RURAL,800000,1
7201880,1,CANASTA FAMILIAR,99,1
7201901,1,CANASTA FAMILIAR,99,1
7201919,1,SEMILLAS Y AGUA,103000,1
7201920,1,CANASTA RURAL TIPO A,1560000,1
7201967,1,TERCERA EDAD,1200000,1
7202126,1,GOBERBMNACION,840000,1
7202175,1,DESMOVILIZADOS,8400000,1
7202201,1,PROGRAMA FAMI,250000,1
7202235,1,AYUDAS HUMANITARIAS,1500000,1
7202236,1,AYUDAS HUMANITRIAS,1500000,1
7202237,1,AYUDAS HUMANITARIA,1500000,1
7202286,1,VICTIMAS DE DESPLAZAMIENTOS,700000,1
7202309,1,UNIDAD DE VICTIMAS,400000,1
7202570,1,CAJA DE COMPENSACION COFREM,360000,1
7202571,1,TECOA,384000,1
7202576,1,CAJA DE COMPENSACION COFREM,936000,1
7202590,1,CAJA DE COMPENSACION COFREM,1080000,1
7202609,1,TEKOA,480000,1
7202614,1,TEKOA,960000,1
7202639,1,TEKOA,100000,1
7202645,1,CAJA DE COMPESACION COFREM,936000,1
7202791,1,JOVENES EN ACCION,4000000,1
7202846,1,PROGRAMA MUNDIAL DE ALIMENTOS DE NACIONES UNIDAS,750000,1
7202855,1,DESPLAZADOS,279000,1
7202860,1,DESPLAZADOS,1200000,1
7202962,1,DESPLAZADOS,1400000,1
7202962,1,DESPLAZADOS,1400000,1
7202993,1,DESPLAZADOS,700000,1
7203007,1,DESPLAZADOS,1000000,1
7203023,1,DESPLAZADOS,700000,1
7203042,1,DESPLAZADO,800000,1
7203052,1,GAS,54000,1
7203063,1,DESPLAZADOS,800000,1
7203103,1,DESPLAZADOS,350000,1
7203169,1,AYUDAS A DESPLAZADOS,430000,1
7203182,1,ASOCIACION DE VICTIMAS,1000000,1
7203297,1,CDI MADRES FAMI,450000,1
7203633,1,AYUDA HUMANITARIA,700000,1
7203899,1,JOVENES EN ACCION,800000,1
7204003,1,UNIDAD DE VICTIMAS DE DESPLAZAMIENTO FORZADO,500000,1
7204083,1,CONFAMA,240000,1
7204478,1,AYUDA HUMANITARIA,800000,1
7204529,1,AYUDAS POR DESPLAZAMIENTO,740000,1
7204541,1,AYUDA POR DESPLAZADO,780000,1
7204596,1,AYUDA HUMANITARIA,1800000,1
7204599,1,AYUDA HUMANITARIA,560000,1
7204600,1,AYUDA HUMANITARIA,360000,1
7204613,1,AYUDA HUMANITARIA,780000,1
7204848,1,DESPLAZADOS POR LA VIOLENCIAN,800000,1
7204930,1,BIENESTAR FAMILIAR,350000,1
7205553,1,FAMILIAS EN ACCION,772000,1
7205554,1,DESMOVILIZACION,18000000,1
7205720,1,SUBSIDIO POR DESPLAZAMIENTO FORZADO,900000,1
7205736,1,UNIDAD PARA LAS VICTIMAS,1240000,1
7206373,1,JOVENES EN ACCION,2000000,1
7206500,1,SUBSIDIO DE MANUTENCION POR VIVIR EN CIUDAD DIFERENTE AL ORIGEN,2400000,1
7206530,1,SUBSIDIO POR DESPLAZAMIENTO,980000,1
7206546,1,PROGRAMA DEL ADULTO MAYOR,960000,1
7206587,1,DESPLAZADA,500000,1
7206594,1,DESPLAZADOS,1800000,1
7206596,1,DESPLAZADOS,775000,1
7206600,1,DESPLAZADA,700000,1
7206608,1,DESPLAZADOS,450000,1
7206632,1,DESPLAZADOS,300000,1
7206641,1,DESPLAZADOS,430000,1
7206661,1,UNIDAD DE VICTIMAS,600000,1
7206668,1,DESPLAZADOS,400000,1
7206689,1,UNIDAD DE VICTIMAS,900000,1
7206693,1,DESPLAZADO,400000,1
7206702,1,DESPLAZADOS,1550000,1
7206708,1,DESPLAZADOS,760000,1
7206712,1,UNIDAD DE VICTIMAS,1040000,1
7206716,1,DESPLAZADOS,900000,1
7206732,1,DESPLAZADOS,980000,1
7206955,1,NO SABE,150000,1
7207077,1,AYUDA PARA VICTIMAS DEL CONFLICTO ARMADO,200000,1
7207290,1,VICTIMAS DE DESPLAZAMIENTO FORZADO,1600000,1
7207292,1,JOVENES EN ACCION,800000,1
7207293,1,JOVENES EN ACCION,4800000,1
7207350,1,DESPLAZADOS,10000000,1
7207397,1,SUSTITUVION DE CULTIVOS ILICITOS,4000000,1
7207400,1,SUSTITUCION DE CULTIVOS ILICITOS,6000000,1
7207406,1,SUSTITUCION DE CULTIVOS ILICITOS,2000000,1
7210271,1,FAMI ICBF,80000,1
7210509,1,COMITE GANADERO,9000000,1
7210747,1,AYUDA HUMANITARIA,1045000,1
7210937,1,JOVENES EN ACCION,2400000,1
7210976,1,DESPLAZADOS,900000,1
7211208,1,CRECIENDO EN FAMILIAS RURALIDAD,1200000,1
7211226,1,CANASTA RURAL,80000,1
7211232,1,SUBSIDIO DE INVALIDEZ,175000,1
7211241,1,CANASTA RURAL,4000000,1
7211248,1,CANASTA RURAL,1500000,1
7211249,1,CANASTA TIPO A,720000,1
7211250,1,CANASTA RURAL,4800000,1
7211252,1,CANASTA RURAL,800000,1
7211253,1,CANASTA RURAL,700000,1
7211256,1,CANASTA RURAL TIPO A,1200000,1
7211263,1,CANASTA SUPLEMENTARIA,1500000,1
7211271,1,CANASTA RURAL TIPO A,3000000,1
7211273,1,CANASTA ICBF,99,1
7211764,1,ACCION SOCIAL,440000,1
7211787,1,SUDSIDIO DE DESEMPLEO,414000,1
7211835,1,COFREM,360000,1
7211860,1,COFREM,424000,1
7211927,1,NO SABE,120000,1
7211985,1,FAMI,40000,1
7212137,1,REPARACION DE VICTIMAS,1200000,1
7212361,1,UNIDAD DE VICTIMAS,750000,1
7212637,1,INDEMNIZACION POR DEZPLAMIENTO FORZADO,1500000,1
7212805,1,DESPLAZAMIENTO,1479000,1
7212910,1,DESPLAZADOS,70000,1
7212911,1,JOVENES EN ACCION,800000,1
7213030,1,UNIDAD DE VICTIMAS,500000,1
7213261,1,DE CERO A SIEMPRE,450000,1
7213704,1,ATENCION Y REPARACION A VICTIMAS DEL CONFLICTO ARMADO,3000000,1
7214250,1,DESPLAZADOS,1080000,1
7214276,1,FAMILIAS EN SUS TIERRAS,1500000,1
7214438,1,LAS VICTIMAS Y DESPLAZADOS,680000,1
7214468,1,AYUDA HUMANITARIA,600000,1
7214479,1,AYUDA HUMANITARIA,700000,1
7214751,1,DESPLAZAMIENTO,1200000,1
7214961,1,FAMILIA  EN ACCION,60000,1
7214977,1,REPARACION DE VICTIMAS,800000,1
7215024,1,UNIDAD DE VICTIMAS,900000,1
7215027,1,UNIDAD DE VICTIMAS,800000,1
7215027,1,UNIDAD DE VICTIMAS,800000,1
7215244,1,ERRADICACION DE CULTIVOS ILICITOS,8000000,1
7215337,1,VICTIMAS DEL CONFLICTO,770000,1
7215405,1,VICTIMAS,673000,1
7215478,1,VICTIMAS,500000,1
7215520,1,PNIS,12000000,1
7215722,1,AYUDA HUMANITARIA,200000,1
7215778,1,ESTUDIO,80000,1
7215867,1,JOVENES EN ACCION,1600000,1
7215956,1,AYUDA HUMANITARIA,300000,1
7216179,1,PROGRAMA SUBSIDIO ADULTO MAYOR,960000,1
7216497,1,HOGAR GESTOR,3500000,1
7216942,1,SUBSIDIO FAMILIAR COMFACOR,620000,1
7217257,1,JOVENES EN ACCION,2400000,1
7217265,1,JOVENES EN ACCION,2400000,1
7217484,1,PLAN COLOMBIA,300000,1
7217635,1,JOVENES EN ACCION,800000,1
7217920,1,COLOMBIA MAYOR,540000,1
7218261,1,AYUDA HUMANITARIA,2200000,1
7218305,1,AYUDA HUMANITARIA,2100000,1
7218308,1,AYUDA HUMANITARIA,650000,1
7218334,1,SUBSIDIO FAMILIAR COMFENALCO,336000,1
7218686,1,VICTIMAS,420000,1
7219100,1,MERCADOS DE LA GOBERNACION,180000,1
7219127,1,UNIDAD DE VICTIMAS,120000,1
7219154,1,MERCADO ACCION SOCIAL,1800000,1
7219157,1,MERCADO,900000,1
7219181,1,ADULTO MAYOR,360000,1
7219763,1,CANASTA FAMILIAR80,800000,1
7219889,1,JOVENES EN ACCION,1000000,1
7220245,1,PROGRAMA DE CERO A SIEMPRE,1680000,1
7220245,2,SISTEMA GENERAL DE PARTICIPACIONES SGP DNP,600000,1
7220246,1,PROGRAMA DE CERO DE A SIEMPRE,840000,1
7220246,2,SISTEMA GENERAL DE PARTICIPACIONES SGP DNP,600000,1
7220316,1,JOVENES EN ACCION,200000,1
7220336,1,CONFAMILIAR,300000,1
7220362,1,JOVENES EN ACCION,800000,1
7220375,1,COMPARTIR,99,1
7220397,1,VICTIMAS DE DEZPLAZAMIENTO,1200000,1
7220400,1,VICTIMAS DEL CONFLICTO,700000,1
7220406,1,SUANDINA SUBSIDIO VICTIMAS DEL CONFLICTO ARMADO,1400000,1
7220448,1,COMPARTIR,140000,1
7220458,1,VICTIMAS DEL CONFLICTO,99,1
7220473,1,DESPLAZAMIENTO FORZADO,230000,1
7220490,1,DESPLAZAMIENTO FORZADO,1200000,1
7220633,1,DESPLAZADOS,700000,1
7220645,1,AYUDA HUMANITARIA,1600000,1
7220666,1,PROGRAMA DE VICTIMAS,1200000,1
7220669,1,DEZPLAZADOS,150000,1
7220684,1,DEZPLAZADOS,500000,1
7220687,1,FAMILIAS EN SU TIERRA,1000000,1
7220708,1,DESPLAZADOS,1480000,1
7220723,1,DESPLAZADOS,200000,1
7220780,1,VICTIMAS,800000,1
7220783,1,FAMILIAS EN TU TIERRS,1400000,1
7220790,1,FAMILIAS EN SU TIERRA,1400000,1
7220861,1,COMFACAUCA,396000,1
7221213,1,UNIDAD DE VICTIMAS,250000,1
7221698,1,AYUDA HUMANITARIA,980000,1
7221809,1,AYUDA HUMANITARIA,400000,1
7221840,1,AYUDA HUMANITARIA1,1790000,1
7221862,1,AYUDA HUMANITARIA,1500000,1
7222018,1,UNIDAD DE VICTIMAS,900000,1
7222267,1,SUBSIDIO POR DESPLAZAMIENTO CONFLICTO ARMADO,2325000,1
7225009,1,JOVENES EN ACCION,2000000,1
7225365,1,FAMILIAR,150000,1
7225374,1,SUBSIDIO DEL DESPLAZADO,292000,1
7225974,1,AYUDA HUMANITARIA,400000,1
7226130,1,AYUDA HUMANITARIA POR DESPLAZADOS,700000,1
7226384,1,AYUDA A DESPLAZADOS,600000,1
7227423,1,JOVENES EN ACCION,800000,1
7227443,1,DESPLAZADOS,1200000,1
7228439,1,AYUDA HUMANITARIA,4800000,1
7228556,1,BUEN COMIENZO,100000,1
7228687,1,VICTIMAS DESPLAZADOS,350000,1
7228793,1,VICTIMAS DESPLAZADOS,1200000,1
7228980,1,VICTIMAS DE LA VIOLENCIA,400000,1
7229351,1,JOVENES EN ACCION,400000,1
7229370,1,VICTIMAS POR DESPLAZAMIENTO,300000,1
7229488,1,DE CERO A SIEMPRE,2400000,1
7229499,1,SUBSIDIO DE ARREGLO DE VIVIENDA,12000000,1
7229800,1,VICTIMAS DE CONFLICTO,400000,1
7229949,1,SUBSIDIO DE DISCAPACIDAD,800000,1
7230123,1,ADULTO MAYOR,540000,1
7230131,1,TERCERA EDAD,135000,1
7230139,1,TERCERA EDAD,540000,1
7231223,1,DESPLAZADOA,100000,1
7231646,1,DESPLAZADA,800000,1
7231997,1,FAMILIAS EN ACCION,1800000,1
7232635,1,AYUDA HUMANITARIA DE DESPLAZADOS,200000,1
7232800,1,AYUDA HUMANITARIA DE VICTIMAS POR DESPLAZAMIENTO,1400000,1
7233146,1,BANCO DOS,2400000,1
7233220,1,JOVENES EN ACCION,200000,1
7233230,1,PROGRAMA DE DESPLAZAMIENTO DE VICTIMAS,738000,1
7233242,1,JOVENES EN ACCION,400000,1
7233286,1,AYUDA HUMANITARIA,240000,1
7233292,1,VICTIMAS DESPLAZADOS,780000,1
7233318,1,AYUDA HUMANITARIA,400000,1
7233455,1,MERCADO,99,1
7233583,1,DESPLAZADOS,1080000,1
7233730,1,BIENESTAR FAMILIAR,600000,1
7234072,1,RED DE VICTIMAS,400000,1
7234151,1,SUBISIDIO FAMILIAR CAJA DE COMPENSACION FAMILIAR,360000,1
7234245,1,FEDERACION DE CAFETEROS,240000,1
7234294,1,DESPLAZADOS POR CONFLICTO ARMADO,300000,1
7234495,1,FAMILIAS EN SU TIERRA,1400000,1
7234608,1,AYUDA HUMANITARIA,1000000,1
7234610,1,AYUDA HUMANITARIA,1500000,1
7234612,1,AYUDA HUMANITARIA,400000,1
7234631,1,REPARACION DE VICTIMAS DE LA VIOLENCIA,700000,1
7234693,1,AYUDA HUMANITARIA,400000,1
7234693,2,AYUDA HUMANITARIA,1400000,1
7234788,1,AYUDA HUMANITARIA,640000,1
7235155,1,CANASTA RURAL TIPO A,1000000,1
7235157,1,CANASTA TIPO A,500000,1
7235337,1,CRUZ ROJA COLOMBIANA,356000,1
7235395,1,CERO A SIEMPRE,500000,1
7235733,1,JOVENES EN ACCION,600000,1
7236553,1,CRECIMIENTO Y DESARROLLO,840000,1
7237202,1,JOVENES EN ACCION,800000,1
7237460,1,DESPLAZAMIENTO FORZADO,2400000,1
7237809,1,ALIANZAS PRODUCTIVAS,4300000,1
7238421,1,POR DESPLAZADO,480000,1
7238526,1,DESPLAZADOS,700000,1
7239273,1,VISION AMAZONIA,3000000,1
7239579,1,CRECIMIENTO Y DESARROLLO,1020000,1
7239812,1,SUBSIDIO DESPLAZADOS,780000,1
7240028,1,DESPLAZADO,1200000,1
7240032,1,COMFAMILIAR,720000,1
7240035,1,SUBSIDIO DEL CERREJON,480000,1
7240040,1,SUBSIDIO DEL CERREJON,1440000,1
7240250,1,HOGARES COMUNITARIOS DE BIENESTAR FAMI,420000,1
7240370,1,JOVENES EN ACCION,120000,1
7240709,1,FAMI,98,1
7240959,1,ERRADICACION DE CULTIVOS ILICITOS,8000000,1
7241410,1,JOVENES EN ACCION,1000000,1
7241487,1,UNIDAD DE VICTIMAS,7000000,1
7241491,1,DESPLAZAMIENTO,230000,1
7241656,1,ERRADICACION DE CULTIVOS ILICITOS,4000000,1
7241823,1,CRECIMIENTO Y DESARROLLO,1020000,1
7242182,1,JOVENES EN ACCION,2400000,1
7242249,1,SUBSIDIO FAMILIAR DE COFREM,720000,1
7242249,1,SUBSIDIO FAMILIAR DE COFREM,720000,1
7242249,1,SUBSIDIO FAMILIAR DE COFREM,720000,1
7242249,1,SUBSIDIO FAMILIAR DE COFREM,720000,1
7242265,1,DESPLAZADO,1200000,1
7242432,1,DESPLAZAMIENTO,3000000,1
7242438,1,DESPLAZAMIENTO,800000,1
7242544,1,PNIS,1800000,1
7242594,1,NO LO RECUERDA,240000,1
7242634,1,DESPLAZADA,900000,1
7242751,1,AYUDA HUMANITARIA,760000,1
7243530,1,JOVENES EN ACCION,1000000,1
7243594,1,PLAN COLOMBIA,204000,1
7244642,1,COMFAMILIAR,720000,1
7245605,1,SUBSIDIO FAMILIAR DE CAJA DE COMPENSACION COMFACOR,200000,1
7245650,1,JOVENES EN ACCION,200000,1
7245920,1,DE CERO A SIEMPRE,99,1
7246414,1,CANASTA,2000000,1
7246423,1,BONO DE EMERGENCIA,1200000,1
7246428,1,CANASTA FAMILIAR,99,1
7246429,1,CANASTA,1200000,1
7246532,1,SEMILLA Y AGUA,300000,1
7247067,1,PROGRAMA COOPORACION LATINA,600000,1
7247184,1,JOVENES EN ACCION,2400000,1
7247216,1,ADULTO MAYOR,900000,1
7247284,1,SUBSIDIO MONETARIO,30000,1
